{
    "loss": 0.09706058353185654,
    "accuracy": 0.9607843160629272
}