{
    "loss": 17.059431076049805,
    "accuracy": 0.5686274766921997
}